dataset,n_inserted,insert_time_sec,present_search_time_sec,absent_search_time_sec,false_negatives,observed_false_positive_rate,theoretical_false_positive_rate,memory_bytes,fill_ratio,bits_per_item,expected_items,desired_false_positive_rate
random,1000,0.004321905318647623,0.004851472098380327,0.0039087082259356976,0,0.0,1.1051283775067053e-22,1198133,0.0007299902900962843,9585.059,1000000,0.01
random,1000,0.004268058110028505,0.004872350953519344,0.0039038360118865967,0,0.0,1.1051283775067053e-22,1198133,0.0007299902900962843,9585.059,1000000,0.01
random,1000,0.004248568322509527,0.0048637427389621735,0.003881927113980055,0,0.0,1.1051283775067053e-22,1198133,0.0007299902900962843,9585.059,1000000,0.01
random,1000,0.004280236084014177,0.004867056850343943,0.003909869119524956,0,0.0,1.1051283775067053e-22,1198133,0.0007299902900962843,9585.059,1000000,0.01
random,1000,0.004289587028324604,0.00489602517336607,0.0038986699655652046,0,0.0,1.1051283775067053e-22,1198133,0.0007299902900962843,9585.059,1000000,0.01
random,1000,0.004313120152801275,0.004901897627860308,0.003907666075974703,0,0.0,1.1051283775067053e-22,1198133,0.0007299902900962843,9585.059,1000000,0.01
random,1000,0.004282055888324976,0.004837910179048777,0.0038955742493271828,0,0.0,1.1051283775067053e-22,1198133,0.0007299902900962843,9585.059,1000000,0.01
random,1000,0.004241909831762314,0.004843446891754866,0.003885227255523205,0,0.0,1.1051283775067053e-22,1198133,0.0007299902900962843,9585.059,1000000,0.01
random,1000,0.004255304578691721,0.004851782228797674,0.0039070588536560535,0,0.0,1.1051283775067053e-22,1198133,0.0007299902900962843,9585.059,1000000,0.01
random,1000,0.004250469151884317,0.004852143116295338,0.003902073949575424,0,0.0,1.1051283775067053e-22,1198133,0.0007299902900962843,9585.059,1000000,0.01
random,5000,0.021287458017468452,0.024446987081319094,0.019654135685414076,0,0.0,8.546022837672787e-18,1198133,0.0036443176823429046,1917.0118,1000000,0.01
random,5000,0.021205713972449303,0.024721709080040455,0.019484042190015316,0,0.0,8.546022837672787e-18,1198133,0.0036443176823429046,1917.0118,1000000,0.01
random,5000,0.021526894066482782,0.024833899922668934,0.01954698795452714,0,0.0,8.546022837672787e-18,1198133,0.0036443176823429046,1917.0118,1000000,0.01
random,5000,0.021376869175583124,0.024338978808373213,0.019411902874708176,0,0.0,8.546022837672787e-18,1198133,0.0036443176823429046,1917.0118,1000000,0.01
random,5000,0.021404411643743515,0.024255251977592707,0.01944865006953478,0,0.0,8.546022837672787e-18,1198133,0.0036443176823429046,1917.0118,1000000,0.01
random,5000,0.021160938777029514,0.024256137665361166,0.01939277583733201,0,0.0,8.546022837672787e-18,1198133,0.0036443176823429046,1917.0118,1000000,0.01
random,5000,0.02131792437285185,0.024276557378470898,0.019399646669626236,0,0.0,8.546022837672787e-18,1198133,0.0036443176823429046,1917.0118,1000000,0.01
random,5000,0.021241782698780298,0.02435842202976346,0.01945451693609357,0,0.0,8.546022837672787e-18,1198133,0.0036443176823429046,1917.0118,1000000,0.01
random,5000,0.02131107822060585,0.024282563012093306,0.019409614149481058,0,0.0,8.546022837672787e-18,1198133,0.0036443176823429046,1917.0118,1000000,0.01
random,5000,0.02111765183508396,0.024153791833668947,0.01940189301967621,0,0.0,8.546022837672787e-18,1198133,0.0036443176823429046,1917.0118,1000000,0.01
random,10000,0.042384534142911434,0.04836090328171849,0.038844825234264135,0,0.0,1.0800122179582333e-15,1198133,0.007274237957220712,958.5059,1000000,0.01
random,10000,0.04317650943994522,0.04897931404411793,0.03919612895697355,0,0.0,1.0800122179582333e-15,1198133,0.007274237957220712,958.5059,1000000,0.01
random,10000,0.042620101012289524,0.04881750186905265,0.03899428900331259,0,0.0,1.0800122179582333e-15,1198133,0.007274237957220712,958.5059,1000000,0.01
random,10000,0.04247449990361929,0.04871299769729376,0.038932149298489094,0,0.0,1.0800122179582333e-15,1198133,0.007274237957220712,958.5059,1000000,0.01
random,10000,0.04325771424919367,0.04906339989975095,0.0389913902617991,0,0.0,1.0800122179582333e-15,1198133,0.007274237957220712,958.5059,1000000,0.01
random,10000,0.042445852886885405,0.04863673588261008,0.038978155702352524,0,0.0,1.0800122179582333e-15,1198133,0.007274237957220712,958.5059,1000000,0.01
random,10000,0.042387458961457014,0.0486583998426795,0.03887062193825841,0,0.0,1.0800122179582333e-15,1198133,0.007274237957220712,958.5059,1000000,0.01
random,10000,0.04236427415162325,0.0483783190138638,0.0387949482537806,0,0.0,1.0800122179582333e-15,1198133,0.007274237957220712,958.5059,1000000,0.01
random,10000,0.04234675504267216,0.04851974593475461,0.03882854990661144,0,0.0,1.0800122179582333e-15,1198133,0.007274237957220712,958.5059,1000000,0.01
random,10000,0.042315431870520115,0.04839760810136795,0.03877098113298416,0,0.0,1.0800122179582333e-15,1198133,0.007274237957220712,958.5059,1000000,0.01
random,25000,0.10690844291821122,0.12316302070394158,0.0978334927931428,0,0.0,6.344434912639435e-13,1198133,0.018091490099330636,383.40236,1000000,0.01
random,25000,0.10596997896209359,0.12125436682254076,0.09725969797000289,0,0.0,6.344434912639435e-13,1198133,0.018091490099330636,383.40236,1000000,0.01
random,25000,0.10595208872109652,0.12201029900461435,0.09794232109561563,0,0.0,6.344434912639435e-13,1198133,0.018091490099330636,383.40236,1000000,0.01
random,25000,0.10680647194385529,0.12179483659565449,0.09746208973228931,0,0.0,6.344434912639435e-13,1198133,0.018091490099330636,383.40236,1000000,0.01
random,25000,0.10621629701927304,0.12155911792069674,0.09724569320678711,0,0.0,6.344434912639435e-13,1198133,0.018091490099330636,383.40236,1000000,0.01
random,25000,0.10586430598050356,0.12195485224947333,0.09771982114762068,0,0.0,6.344434912639435e-13,1198133,0.018091490099330636,383.40236,1000000,0.01
random,25000,0.10567906219512224,0.12232990888878703,0.09791140537708998,0,0.0,6.344434912639435e-13,1198133,0.018091490099330636,383.40236,1000000,0.01
random,25000,0.10652401810511947,0.12184337805956602,0.09760203585028648,0,0.0,6.344434912639435e-13,1198133,0.018091490099330636,383.40236,1000000,0.01
random,25000,0.1064765346236527,0.12186912493780255,0.09763262374326587,0,0.0,6.344434912639435e-13,1198133,0.018091490099330636,383.40236,1000000,0.01
random,25000,0.1063187182880938,0.12148332921788096,0.09755357587710023,0,0.0,6.344434912639435e-13,1198133,0.018091490099330636,383.40236,1000000,0.01
random,50000,0.21318561490625143,0.24342344980686903,0.19638938689604402,0,0.0,7.62039530727753e-11,1198133,0.035863420350359866,191.70118,1000000,0.01
random,50000,0.21216357126832008,0.24358524102717638,0.1957598626613617,0,0.0,7.62039530727753e-11,1198133,0.035863420350359866,191.70118,1000000,0.01
random,50000,0.2119483887217939,0.24402129091322422,0.19581132708117366,0,0.0,7.62039530727753e-11,1198133,0.035863420350359866,191.70118,1000000,0.01
random,50000,0.21240163268521428,0.2436851318925619,0.19640315091237426,0,0.0,7.62039530727753e-11,1198133,0.035863420350359866,191.70118,1000000,0.01
random,50000,0.21241137199103832,0.2434814148582518,0.1959388442337513,0,0.0,7.62039530727753e-11,1198133,0.035863420350359866,191.70118,1000000,0.01
random,50000,0.21167194889858365,0.2431931048631668,0.19550935504958034,0,0.0,7.62039530727753e-11,1198133,0.035863420350359866,191.70118,1000000,0.01
random,50000,0.21350856497883797,0.24564225133508444,0.19690545974299312,0,0.0,7.62039530727753e-11,1198133,0.035863420350359866,191.70118,1000000,0.01
random,50000,0.21395880170166492,0.24465170968323946,0.19689969718456268,0,0.0,7.62039530727753e-11,1198133,0.035863420350359866,191.70118,1000000,0.01
random,50000,0.21394485887140036,0.24572402611374855,0.1971032158471644,0,0.0,7.62039530727753e-11,1198133,0.035863420350359866,191.70118,1000000,0.01
random,50000,0.21335634402930737,0.24527569394558668,0.19680282520130277,0,0.0,7.62039530727753e-11,1198133,0.035863420350359866,191.70118,1000000,0.01
random,100000,0.4269397910684347,0.4890505620278418,0.39492291305214167,0,0.0,8.593893329750821e-09,1198133,0.07043003073846493,95.85059,1000000,0.01
random,100000,0.4270215933211148,0.48796041728928685,0.3951608957722783,0,0.0,8.593893329750821e-09,1198133,0.07043003073846493,95.85059,1000000,0.01
random,100000,0.42797757405787706,0.4913506801240146,0.39515206683427095,0,0.0,8.593893329750821e-09,1198133,0.07043003073846493,95.85059,1000000,0.01
random,100000,0.4247092450968921,0.48868024768307805,0.3955081691965461,0,0.0,8.593893329750821e-09,1198133,0.07043003073846493,95.85059,1000000,0.01
random,100000,0.42782623833045363,0.48947865702211857,0.3979615210555494,0,0.0,8.593893329750821e-09,1198133,0.07043003073846493,95.85059,1000000,0.01
random,100000,0.4296265197917819,0.4911097437143326,0.3969854759052396,0,0.0,8.593893329750821e-09,1198133,0.07043003073846493,95.85059,1000000,0.01
random,100000,0.43228615913540125,0.49167686607688665,0.3973166588693857,0,0.0,8.593893329750821e-09,1198133,0.07043003073846493,95.85059,1000000,0.01
random,100000,0.42920755222439766,0.491297401022166,0.39691147673875093,0,0.0,8.593893329750821e-09,1198133,0.07043003073846493,95.85059,1000000,0.01
random,100000,0.42865076567977667,0.4904328822158277,0.39460081001743674,0,0.0,8.593893329750821e-09,1198133,0.07043003073846493,95.85059,1000000,0.01
random,100000,0.4267423297278583,0.48627572506666183,0.3948372998274863,0,0.0,8.593893329750821e-09,1198133,0.07043003073846493,95.85059,1000000,0.01
random,1000,0.0034690150059759617,0.003853566013276577,0.003458743914961815,0,0.0,1.6915088015404985e-13,779404,0.0006410354077038118,6235.225,1000000,0.05
random,1000,0.0033842273987829685,0.0038639428094029427,0.003475826233625412,0,0.0,1.6915088015404985e-13,779404,0.0006410354077038118,6235.225,1000000,0.05
random,1000,0.0034039830788969994,0.003866948187351227,0.003470062278211117,0,0.0,1.6915088015404985e-13,779404,0.0006410354077038118,6235.225,1000000,0.05
random,1000,0.0034017530269920826,0.00384362880140543,0.0034643178805708885,0,0.0,1.6915088015404985e-13,779404,0.0006410354077038118,6235.225,1000000,0.05
random,1000,0.0033995280973613262,0.003857872448861599,0.0034592561423778534,0,0.0,1.6915088015404985e-13,779404,0.0006410354077038118,6235.225,1000000,0.05
random,1000,0.0034041842445731163,0.0038638198748230934,0.0034762280993163586,0,0.0,1.6915088015404985e-13,779404,0.0006410354077038118,6235.225,1000000,0.05
random,1000,0.003399822860956192,0.003894696943461895,0.0034669330343604088,0,0.0,1.6915088015404985e-13,779404,0.0006410354077038118,6235.225,1000000,0.05
random,1000,0.003403788898140192,0.0038816570304334164,0.003493458963930607,0,0.0,1.6915088015404985e-13,779404,0.0006410354077038118,6235.225,1000000,0.05
random,1000,0.0034151612780988216,0.0038810349069535732,0.003481966909021139,0,0.0,1.6915088015404985e-13,779404,0.0006410354077038118,6235.225,1000000,0.05
random,1000,0.0033866269513964653,0.0038681351579725742,0.003469523973762989,0,0.0,1.6915088015404985e-13,779404,0.0006410354077038118,6235.225,1000000,0.05
random,5000,0.016960797365754843,0.019358628895133734,0.01735659409314394,0,0.0,1.0517829767683371e-10,779404,0.003203252488883721,1247.045,1000000,0.05
random,5000,0.01703789411112666,0.019385690800845623,0.017387432977557182,0,0.0,1.0517829767683371e-10,779404,0.003203252488883721,1247.045,1000000,0.05
random,5000,0.01700604520738125,0.019426274113357067,0.017441351898014545,0,0.0,1.0517829767683371e-10,779404,0.003203252488883721,1247.045,1000000,0.05
random,5000,0.01714406395331025,0.019362302962690592,0.017365444917231798,0,0.0,1.0517829767683371e-10,779404,0.003203252488883721,1247.045,1000000,0.05
random,5000,0.016921056900173426,0.01943753892555833,0.017428334802389145,0,0.0,1.0517829767683371e-10,779404,0.003203252488883721,1247.045,1000000,0.05
random,5000,0.017042338848114014,0.019379758276045322,0.017352238297462463,0,0.0,1.0517829767683371e-10,779404,0.003203252488883721,1247.045,1000000,0.05
random,5000,0.016999009996652603,0.01946409000083804,0.017327337991446257,0,0.0,1.0517829767683371e-10,779404,0.003203252488883721,1247.045,1000000,0.05
random,5000,0.017040394712239504,0.01938600605353713,0.017327924259006977,0,0.0,1.0517829767683371e-10,779404,0.003203252488883721,1247.045,1000000,0.05
random,5000,0.016926277428865433,0.01939145987853408,0.017350998241454363,0,0.0,1.0517829767683371e-10,779404,0.003203252488883721,1247.045,1000000,0.05
random,5000,0.01694587292149663,0.019396930932998657,0.017334753181785345,0,0.0,1.0517829767683371e-10,779404,0.003203252488883721,1247.045,1000000,0.05
random,10000,0.03419102402403951,0.03901246003806591,0.03495634999126196,0,0.0,1.6721001400977083e-09,779404,0.006395438817364249,623.5225,1000000,0.05
random,10000,0.034205662086606026,0.038939869962632656,0.034823495894670486,0,0.0,1.6721001400977083e-09,779404,0.006395438817364249,623.5225,1000000,0.05
random,10000,0.034348315093666315,0.039122703950852156,0.034946114756166935,0,0.0,1.6721001400977083e-09,779404,0.006395438817364249,623.5225,1000000,0.05
random,10000,0.03463522717356682,0.0393664687871933,0.03553776303306222,0,0.0,1.6721001400977083e-09,779404,0.006395438817364249,623.5225,1000000,0.05
random,10000,0.03488959977403283,0.03937593987211585,0.03528362279757857,0,0.0,1.6721001400977083e-09,779404,0.006395438817364249,623.5225,1000000,0.05
random,10000,0.034558504819869995,0.03916869917884469,0.03509927401319146,0,0.0,1.6721001400977083e-09,779404,0.006395438817364249,623.5225,1000000,0.05
random,10000,0.03425743663683534,0.038961082231253386,0.034940576646476984,0,0.0,1.6721001400977083e-09,779404,0.006395438817364249,623.5225,1000000,0.05
random,10000,0.03446656325832009,0.03927606204524636,0.03514292323961854,0,0.0,1.6721001400977083e-09,779404,0.006395438817364249,623.5225,1000000,0.05
random,10000,0.03425072971731424,0.03926556510850787,0.03501842217519879,0,0.0,1.6721001400977083e-09,779404,0.006395438817364249,623.5225,1000000,0.05
random,10000,0.03435606462880969,0.039025845006108284,0.034918630961328745,0,0.0,1.6721001400977083e-09,779404,0.006395438817364249,623.5225,1000000,0.05
random,25000,0.08629526384174824,0.09811889892444015,0.08787187794223428,0,0.0,6.407369122573424e-08,779404,0.01591025183533874,249.409,1000000,0.05
random,25000,0.08577847294509411,0.09814523998647928,0.08798214001581073,0,0.0,6.407369122573424e-08,779404,0.01591025183533874,249.409,1000000,0.05
random,25000,0.0862003406509757,0.09773558611050248,0.08790644397959113,0,0.0,6.407369122573424e-08,779404,0.01591025183533874,249.409,1000000,0.05
random,25000,0.08594111306592822,0.09755004104226828,0.08769619837403297,0,0.0,6.407369122573424e-08,779404,0.01591025183533874,249.409,1000000,0.05
random,25000,0.08536781929433346,0.09777168417349458,0.08793193800374866,0,0.0,6.407369122573424e-08,779404,0.01591025183533874,249.409,1000000,0.05
random,25000,0.08603339083492756,0.09787221206352115,0.08776327222585678,0,0.0,6.407369122573424e-08,779404,0.01591025183533874,249.409,1000000,0.05
random,25000,0.0864018490538001,0.09846157114952803,0.08794821705669165,0,0.0,6.407369122573424e-08,779404,0.01591025183533874,249.409,1000000,0.05
random,25000,0.08530907984822989,0.0978074106387794,0.08793453313410282,0,0.0,6.407369122573424e-08,779404,0.01591025183533874,249.409,1000000,0.05
random,25000,0.08549520187079906,0.09801787091419101,0.08751537371426821,0,0.0,6.407369122573424e-08,779404,0.01591025183533874,249.409,1000000,0.05
random,25000,0.08552661584690213,0.09797828504815698,0.088098278734833,0,0.0,6.407369122573424e-08,779404,0.01591025183533874,249.409,1000000,0.05
random,50000,0.17403643392026424,0.19577434193342924,0.17666990216821432,0,0.0,9.929450720136898e-07,779404,0.031575283971308175,124.7045,1000000,0.05
random,50000,0.1720932237803936,0.19517235783860087,0.17628799006342888,0,0.0,9.929450720136898e-07,779404,0.031575283971308175,124.7045,1000000,0.05
random,50000,0.1718623749911785,0.19659896614030004,0.1769421868957579,0,0.0,9.929450720136898e-07,779404,0.031575283971308175,124.7045,1000000,0.05
random,50000,0.17273403704166412,0.19738567993044853,0.17899232683703303,0,0.0,9.929450720136898e-07,779404,0.031575283971308175,124.7045,1000000,0.05
random,50000,0.17238807817921042,0.19573295302689075,0.17621797416359186,0,0.0,9.929450720136898e-07,779404,0.031575283971308175,124.7045,1000000,0.05
random,50000,0.17129406100139022,0.1957278768531978,0.17614922299981117,0,0.0,9.929450720136898e-07,779404,0.031575283971308175,124.7045,1000000,0.05
random,50000,0.1735656508244574,0.19838421512395144,0.17796855885535479,0,0.0,9.929450720136898e-07,779404,0.031575283971308175,124.7045,1000000,0.05
random,50000,0.17150819301605225,0.1958448262885213,0.177079726010561,0,0.0,9.929450720136898e-07,779404,0.031575283971308175,124.7045,1000000,0.05
random,50000,0.17224366776645184,0.19625761592760682,0.17631253134459257,0,0.0,9.929450720136898e-07,779404,0.031575283971308175,124.7045,1000000,0.05
random,50000,0.17219154024496675,0.19589155120775104,0.17588460026308894,0,0.0,9.929450720136898e-07,779404,0.031575283971308175,124.7045,1000000,0.05
random,100000,0.3429285269230604,0.39060584316030145,0.35419461596757174,0,2e-05,1.4907605863740189e-05,779404,0.06214932099483178,62.35225,1000000,0.05
random,100000,0.34297685185447335,0.3904593298211694,0.3551598219200969,0,2e-05,1.4907605863740189e-05,779404,0.06214932099483178,62.35225,1000000,0.05
random,100000,0.34482184424996376,0.3910332531668246,0.35493261320516467,0,2e-05,1.4907605863740189e-05,779404,0.06214932099483178,62.35225,1000000,0.05
random,100000,0.34359570406377316,0.39242887729778886,0.3550874753855169,0,2e-05,1.4907605863740189e-05,779404,0.06214932099483178,62.35225,1000000,0.05
random,100000,0.3440161547623575,0.39088189881294966,0.3580526183359325,0,2e-05,1.4907605863740189e-05,779404,0.06214932099483178,62.35225,1000000,0.05
random,100000,0.34450104273855686,0.39012404391542077,0.3549467260017991,0,2e-05,1.4907605863740189e-05,779404,0.06214932099483178,62.35225,1000000,0.05
random,100000,0.3466883897781372,0.39242608193308115,0.3537712092511356,0,2e-05,1.4907605863740189e-05,779404,0.06214932099483178,62.35225,1000000,0.05
random,100000,0.3433129070326686,0.3913140189833939,0.358109372202307,0,2e-05,1.4907605863740189e-05,779404,0.06214932099483178,62.35225,1000000,0.05
random,100000,0.3424814585596323,0.3901359513401985,0.3547033630311489,0,2e-05,1.4907605863740189e-05,779404,0.06214932099483178,62.35225,1000000,0.05
random,100000,0.3421593401581049,0.39122471399605274,0.35499699087813497,0,2e-05,1.4907605863740189e-05,779404,0.06214932099483178,62.35225,1000000,0.05
random,1000,0.003189167007803917,0.00355564896017313,0.0033215670846402645,0,0.0,2.450538214021798e-10,599067,0.0006257655142482154,4792.53,1000000,0.1
random,1000,0.0031126150861382484,0.00354536110535264,0.0033269100822508335,0,0.0,2.450538214021798e-10,599067,0.0006257655142482154,4792.53,1000000,0.1
random,1000,0.003106210846453905,0.0035571958869695663,0.0033472860231995583,0,0.0,2.450538214021798e-10,599067,0.0006257655142482154,4792.53,1000000,0.1
random,1000,0.0031075961887836456,0.0035457396879792213,0.003337695263326168,0,0.0,2.450538214021798e-10,599067,0.0006257655142482154,4792.53,1000000,0.1
random,1000,0.0031113149598240852,0.0035626590251922607,0.0033405120484530926,0,0.0,2.450538214021798e-10,599067,0.0006257655142482154,4792.53,1000000,0.1
random,1000,0.003102450631558895,0.003558890428394079,0.0033409870229661465,0,0.0,2.450538214021798e-10,599067,0.0006257655142482154,4792.53,1000000,0.1
random,1000,0.0031089670956134796,0.003560164012014866,0.003344876691699028,0,0.0,2.450538214021798e-10,599067,0.0006257655142482154,4792.53,1000000,0.1
random,1000,0.0030898917466402054,0.0035492433235049248,0.003332938998937607,0,0.0,2.450538214021798e-10,599067,0.0006257655142482154,4792.53,1000000,0.1
random,1000,0.0031162737868726254,0.003549323882907629,0.0033403499983251095,0,0.0,2.450538214021798e-10,599067,0.0006257655142482154,4792.53,1000000,0.1
random,1000,0.0031036147847771645,0.0035471213050186634,0.003332868218421936,0,0.0,2.450538214021798e-10,599067,0.0006257655142482154,4792.53,1000000,0.1
random,5000,0.01551080122590065,0.01774564106017351,0.01672404771670699,0,0.0,3.0516931307626136e-08,599067,0.003124445752034938,958.506,1000000,0.1
random,5000,0.015519417356699705,0.01791256293654442,0.01678771199658513,0,0.0,3.0516931307626136e-08,599067,0.003124445752034938,958.506,1000000,0.1
random,5000,0.015558477956801653,0.017757807392627,0.016774047166109085,0,0.0,3.0516931307626136e-08,599067,0.003124445752034938,958.506,1000000,0.1
random,5000,0.015577472746372223,0.017818166874349117,0.01681585656479001,0,0.0,3.0516931307626136e-08,599067,0.003124445752034938,958.506,1000000,0.1
random,5000,0.015554286073893309,0.017785262782126665,0.016771302092820406,0,0.0,3.0516931307626136e-08,599067,0.003124445752034938,958.506,1000000,0.1
random,5000,0.015595212113112211,0.01770393969491124,0.016729448921978474,0,0.0,3.0516931307626136e-08,599067,0.003124445752034938,958.506,1000000,0.1
random,5000,0.0158067736774683,0.017816193867474794,0.016787718050181866,0,0.0,3.0516931307626136e-08,599067,0.003124445752034938,958.506,1000000,0.1
random,5000,0.015771545004099607,0.01777529902756214,0.016800923738628626,0,0.0,3.0516931307626136e-08,599067,0.003124445752034938,958.506,1000000,0.1
random,5000,0.015836003702133894,0.017834946047514677,0.016764268279075623,0,0.0,3.0516931307626136e-08,599067,0.003124445752034938,958.506,1000000,0.1
random,5000,0.015713186003267765,0.01772955898195505,0.016750776674598455,0,0.0,3.0516931307626136e-08,599067,0.003124445752034938,958.506,1000000,0.1
random,10000,0.03163850912824273,0.03552035801112652,0.03349125990644097,0,0.0,2.429928607669699e-07,599067,0.006242423104289384,479.253,1000000,0.1
random,10000,0.03161314083263278,0.035559588111937046,0.033420981373637915,0,0.0,2.429928607669699e-07,599067,0.006242423104289384,479.253,1000000,0.1
random,10000,0.03152435319498181,0.03569342568516731,0.03351341933012009,0,0.0,2.429928607669699e-07,599067,0.006242423104289384,479.253,1000000,0.1
random,10000,0.031245040241628885,0.03572290996089578,0.03353036195039749,0,0.0,2.429928607669699e-07,599067,0.006242423104289384,479.253,1000000,0.1
random,10000,0.031205090694129467,0.0355440778657794,0.03347246581688523,0,0.0,2.429928607669699e-07,599067,0.006242423104289384,479.253,1000000,0.1
random,10000,0.031252264976501465,0.035774955060333014,0.0336450319737196,0,0.0,2.429928607669699e-07,599067,0.006242423104289384,479.253,1000000,0.1
random,10000,0.03169776685535908,0.035614275839179754,0.03352715913206339,0,0.0,2.429928607669699e-07,599067,0.006242423104289384,479.253,1000000,0.1
random,10000,0.031073784921318293,0.03550797887146473,0.03349524922668934,0,0.0,2.429928607669699e-07,599067,0.006242423104289384,479.253,1000000,0.1
random,10000,0.031095245853066444,0.03561296220868826,0.033497344702482224,0,0.0,2.429928607669699e-07,599067,0.006242423104289384,479.253,1000000,0.1
random,10000,0.0313879419118166,0.03587008407339454,0.03359647886827588,0,0.0,2.429928607669699e-07,599067,0.006242423104289384,479.253,1000000,0.1
random,25000,0.07806459907442331,0.08925150614231825,0.08441977389156818,0,8e-05,3.7437593328456505e-06,599067,0.015532505795477545,191.7012,1000000,0.1
random,25000,0.07827833434566855,0.08880237909033895,0.08449236117303371,0,8e-05,3.7437593328456505e-06,599067,0.015532505795477545,191.7012,1000000,0.1
random,25000,0.07809940306469798,0.08949527330696583,0.08402935694903135,0,8e-05,3.7437593328456505e-06,599067,0.015532505795477545,191.7012,1000000,0.1
random,25000,0.07855853484943509,0.08924010396003723,0.08498055767267942,0,8e-05,3.7437593328456505e-06,599067,0.015532505795477545,191.7012,1000000,0.1
random,25000,0.07857188489288092,0.08980375993996859,0.08405186701565981,0,8e-05,3.7437593328456505e-06,599067,0.015532505795477545,191.7012,1000000,0.1
random,25000,0.0778284827247262,0.08921750402078032,0.0842599687166512,0,8e-05,3.7437593328456505e-06,599067,0.015532505795477545,191.7012,1000000,0.1
random,25000,0.07894257921725512,0.08910877490416169,0.08432931266725063,0,8e-05,3.7437593328456505e-06,599067,0.015532505795477545,191.7012,1000000,0.1
random,25000,0.07801355514675379,0.08946526516228914,0.08426353568211198,0,8e-05,3.7437593328456505e-06,599067,0.015532505795477545,191.7012,1000000,0.1
random,25000,0.07836705492809415,0.0889838901348412,0.08415400888770819,0,8e-05,3.7437593328456505e-06,599067,0.015532505795477545,191.7012,1000000,0.1
random,25000,0.07841109996661544,0.08942619804292917,0.08436629408970475,0,8e-05,3.7437593328456505e-06,599067,0.015532505795477545,191.7012,1000000,0.1
random,50000,0.15680511482059956,0.17875527776777744,0.16925028711557388,0,6e-05,2.925790002196847e-05,599067,0.030833401147202,95.8506,1000000,0.1
random,50000,0.1567549747414887,0.17832967778667808,0.1689271000213921,0,6e-05,2.925790002196847e-05,599067,0.030833401147202,95.8506,1000000,0.1
random,50000,0.1563883889466524,0.17774399975314736,0.16943720821291208,0,6e-05,2.925790002196847e-05,599067,0.030833401147202,95.8506,1000000,0.1
random,50000,0.15642178896814585,0.17816313914954662,0.170732953120023,0,6e-05,2.925790002196847e-05,599067,0.030833401147202,95.8506,1000000,0.1
random,50000,0.1585558047518134,0.18103074561804533,0.17117110919207335,0,6e-05,2.925790002196847e-05,599067,0.030833401147202,95.8506,1000000,0.1
random,50000,0.15851141093298793,0.18067619996145368,0.17041159188374877,0,6e-05,2.925790002196847e-05,599067,0.030833401147202,95.8506,1000000,0.1
random,50000,0.15846878197044134,0.18023163825273514,0.17065824568271637,0,6e-05,2.925790002196847e-05,599067,0.030833401147202,95.8506,1000000,0.1
random,50000,0.15872048819437623,0.18041308596730232,0.17030932381749153,0,6e-05,2.925790002196847e-05,599067,0.030833401147202,95.8506,1000000,0.1
random,50000,0.15897298511117697,0.17999219056218863,0.17086005210876465,0,6e-05,2.925790002196847e-05,599067,0.030833401147202,95.8506,1000000,0.1
random,50000,0.15810048440471292,0.18403978180140257,0.17191801499575377,0,6e-05,2.925790002196847e-05,599067,0.030833401147202,95.8506,1000000,0.1
random,100000,0.3158245701342821,0.3590669766999781,0.34106140537187457,0,0.00028,0.00022341040040483207,599067,0.0606992548820769,47.9253,1000000,0.1
random,100000,0.3155691418796778,0.3587413402274251,0.34124012803658843,0,0.00028,0.00022341040040483207,599067,0.0606992548820769,47.9253,1000000,0.1
random,100000,0.31564696691930294,0.36037176428362727,0.34086377127096057,0,0.00028,0.00022341040040483207,599067,0.0606992548820769,47.9253,1000000,0.1
random,100000,0.316499890293926,0.35956434113904834,0.34067170694470406,0,0.00028,0.00022341040040483207,599067,0.0606992548820769,47.9253,1000000,0.1
random,100000,0.3146459781564772,0.359814721159637,0.34171042311936617,0,0.00028,0.00022341040040483207,599067,0.0606992548820769,47.9253,1000000,0.1
random,100000,0.31656637508422136,0.36026269430294633,0.34033182030543685,0,0.00028,0.00022341040040483207,599067,0.0606992548820769,47.9253,1000000,0.1
random,100000,0.31649638805538416,0.36138948425650597,0.342378756031394,0,0.00028,0.00022341040040483207,599067,0.0606992548820769,47.9253,1000000,0.1
random,100000,0.3171752281486988,0.36066856095567346,0.34217977989465,0,0.00028,0.00022341040040483207,599067,0.0606992548820769,47.9253,1000000,0.1
random,100000,0.3167303930968046,0.3595090410672128,0.34144424460828304,0,0.00028,0.00022341040040483207,599067,0.0606992548820769,47.9253,1000000,0.1
random,100000,0.31607668520882726,0.36011788062751293,0.3438436952419579,0,0.00028,0.00022341040040483207,599067,0.0606992548820769,47.9253,1000000,0.1
random,1000,0.002566106151789427,0.0028895121067762375,0.0030804648995399475,0,0.002,0.0006929065490592912,180337,0.000692453573032711,1442.696,1000000,0.5
random,1000,0.0025379988364875317,0.0028865979984402657,0.0030813547782599926,0,0.002,0.0006929065490592912,180337,0.000692453573032711,1442.696,1000000,0.5
random,1000,0.0025108270347118378,0.0028632860630750656,0.003063162788748741,0,0.002,0.0006929065490592912,180337,0.000692453573032711,1442.696,1000000,0.5
random,1000,0.002527420874685049,0.0028705401346087456,0.0030569960363209248,0,0.002,0.0006929065490592912,180337,0.000692453573032711,1442.696,1000000,0.5
random,1000,0.002522571012377739,0.002877959981560707,0.0030641620978713036,0,0.002,0.0006929065490592912,180337,0.000692453573032711,1442.696,1000000,0.5
random,1000,0.0025207060389220715,0.002869865857064724,0.0030744588002562523,0,0.002,0.0006929065490592912,180337,0.000692453573032711,1442.696,1000000,0.5
random,1000,0.002528271172195673,0.0028730318881571293,0.0030636880546808243,0,0.002,0.0006929065490592912,180337,0.000692453573032711,1442.696,1000000,0.5
random,1000,0.002523995004594326,0.0028719748370349407,0.0030632992275059223,0,0.002,0.0006929065490592912,180337,0.000692453573032711,1442.696,1000000,0.5
random,1000,0.002564084716141224,0.002868433017283678,0.0030574919655919075,0,0.002,0.0006929065490592912,180337,0.000692453573032711,1442.696,1000000,0.5
random,1000,0.002557399682700634,0.002870017196983099,0.0030655208975076675,0,0.002,0.0006929065490592912,180337,0.000692453573032711,1442.696,1000000,0.5
random,5000,0.01278739795088768,0.014422724954783916,0.015465212985873222,0,0.0048,0.0034597348760661006,180337,0.0034574158381252876,288.5392,1000000,0.5
random,5000,0.01260862872004509,0.014339813031256199,0.015421398915350437,0,0.0048,0.0034597348760661006,180337,0.0034574158381252876,288.5392,1000000,0.5
random,5000,0.012705827131867409,0.014415157027542591,0.015522841829806566,0,0.0048,0.0034597348760661006,180337,0.0034574158381252876,288.5392,1000000,0.5
random,5000,0.012737207114696503,0.014447573572397232,0.015551840886473656,0,0.0048,0.0034597348760661006,180337,0.0034574158381252876,288.5392,1000000,0.5
random,5000,0.012635220773518085,0.014416628051549196,0.01546423975378275,0,0.0048,0.0034597348760661006,180337,0.0034574158381252876,288.5392,1000000,0.5
random,5000,0.012657744344323874,0.014292518142610788,0.015392072964459658,0,0.0048,0.0034597348760661006,180337,0.0034574158381252876,288.5392,1000000,0.5
random,5000,0.012662623077630997,0.01435916218906641,0.015433750115334988,0,0.0048,0.0034597348760661006,180337,0.0034574158381252876,288.5392,1000000,0.5
random,5000,0.012633050791919231,0.01443534018471837,0.015503623988479376,0,0.0048,0.0034597348760661006,180337,0.0034574158381252876,288.5392,1000000,0.5
random,5000,0.012673966120928526,0.014485017862170935,0.01550918584689498,0,0.0048,0.0034597348760661006,180337,0.0034574158381252876,288.5392,1000000,0.5
random,5000,0.012727569323033094,0.014478527009487152,0.015504478942602873,0,0.0048,0.0034597348760661006,180337,0.0034574158381252876,288.5392,1000000,0.5
random,10000,0.025434476789087057,0.028975429013371468,0.030978952068835497,0,0.0064,0.0069074999867195785,180337,0.0069065139156135455,144.2696,1000000,0.5
random,10000,0.025582834146916866,0.029091383330523968,0.031069808639585972,0,0.0064,0.0069074999867195785,180337,0.0069065139156135455,144.2696,1000000,0.5
random,10000,0.025536566972732544,0.02910918602719903,0.03112506540492177,0,0.0064,0.0069074999867195785,180337,0.0069065139156135455,144.2696,1000000,0.5
random,10000,0.0255134180188179,0.02891119197010994,0.030947364401072264,0,0.0064,0.0069074999867195785,180337,0.0069065139156135455,144.2696,1000000,0.5
random,10000,0.02549587283283472,0.02899934956803918,0.030883914791047573,0,0.0064,0.0069074999867195785,180337,0.0069065139156135455,144.2696,1000000,0.5
random,10000,0.02546738600358367,0.029043274000287056,0.03104519983753562,0,0.0064,0.0069074999867195785,180337,0.0069065139156135455,144.2696,1000000,0.5
random,10000,0.025541771668940783,0.029014151077717543,0.030972477048635483,0,0.0064,0.0069074999867195785,180337,0.0069065139156135455,144.2696,1000000,0.5
random,10000,0.02559075178578496,0.02889595879241824,0.031020788941532373,0,0.0064,0.0069074999867195785,180337,0.0069065139156135455,144.2696,1000000,0.5
random,10000,0.02537207119166851,0.028941549826413393,0.031016945838928223,0,0.0064,0.0069074999867195785,180337,0.0069065139156135455,144.2696,1000000,0.5
random,10000,0.02551894262433052,0.029011094011366367,0.030982016120105982,0,0.0064,0.0069074999867195785,180337,0.0069065139156135455,144.2696,1000000,0.5
random,25000,0.0640162518247962,0.0725295371375978,0.07738365372642875,0,0.01676,0.017179390132471717,180337,0.01719419753017961,57.70784,1000000,0.5
random,25000,0.06390787428244948,0.07221936108544469,0.07743399823084474,0,0.01676,0.017179390132471717,180337,0.01719419753017961,57.70784,1000000,0.5
random,25000,0.06393058225512505,0.07242494821548462,0.07749619521200657,0,0.01676,0.017179390132471717,180337,0.01719419753017961,57.70784,1000000,0.5
random,25000,0.0639681238681078,0.07249318808317184,0.07751926779747009,0,0.01676,0.017179390132471717,180337,0.01719419753017961,57.70784,1000000,0.5
random,25000,0.06395181315019727,0.07257867185398936,0.07739226100966334,0,0.01676,0.017179390132471717,180337,0.01719419753017961,57.70784,1000000,0.5
random,25000,0.06390135968104005,0.0722946641035378,0.07744320016354322,0,0.01676,0.017179390132471717,180337,0.01719419753017961,57.70784,1000000,0.5
random,25000,0.06397843081504107,0.07217022776603699,0.07753597293049097,0,0.01676,0.017179390132471717,180337,0.01719419753017961,57.70784,1000000,0.5
random,25000,0.06375257112085819,0.07256927527487278,0.07734238309785724,0,0.01676,0.017179390132471717,180337,0.01719419753017961,57.70784,1000000,0.5
random,25000,0.06398041220381856,0.07261089608073235,0.0773946512490511,0,0.01676,0.017179390132471717,180337,0.01719419753017961,57.70784,1000000,0.5
random,25000,0.06376350997015834,0.07238300424069166,0.07754194969311357,0,0.01676,0.017179390132471717,180337,0.01719419753017961,57.70784,1000000,0.5
random,50000,0.1277537876740098,0.14518107706680894,0.1547098821029067,0,0.03404,0.034063648819619874,180337,0.03404667372752125,28.85392,1000000,0.5
random,50000,0.12799897510558367,0.14493210334330797,0.1547027830965817,0,0.03404,0.034063648819619874,180337,0.03404667372752125,28.85392,1000000,0.5
random,50000,0.1278778570704162,0.1447621462866664,0.15510061895474792,0,0.03404,0.034063648819619874,180337,0.03404667372752125,28.85392,1000000,0.5
random,50000,0.12780800415202975,0.14475286286324263,0.15479426411911845,0,0.03404,0.034063648819619874,180337,0.03404667372752125,28.85392,1000000,0.5
random,50000,0.127604226116091,0.14484792528674006,0.15482984529808164,0,0.03404,0.034063648819619874,180337,0.03404667372752125,28.85392,1000000,0.5
random,50000,0.12736049992963672,0.14500615699216723,0.15486001688987017,0,0.03404,0.034063648819619874,180337,0.03404667372752125,28.85392,1000000,0.5
random,50000,0.12775770481675863,0.14501732680946589,0.15506560588255525,0,0.03404,0.034063648819619874,180337,0.03404667372752125,28.85392,1000000,0.5
random,50000,0.12797000398859382,0.14461403992027044,0.1544115897268057,0,0.03404,0.034063648819619874,180337,0.03404667372752125,28.85392,1000000,0.5
random,50000,0.12781329592689872,0.1450509550049901,0.1549125500023365,0,0.03404,0.034063648819619874,180337,0.03404667372752125,28.85392,1000000,0.5
random,50000,0.1265050801448524,0.14483990473672748,0.15546916099265218,0,0.03404,0.034063648819619874,180337,0.03404667372752125,28.85392,1000000,0.5
random,100000,0.2560391277074814,0.2902707983739674,0.30958496406674385,0,0.06637,0.06696696546833325,180337,0.06699956193127311,14.42696,1000000,0.5
random,100000,0.25626457668840885,0.2888351180590689,0.308031571097672,0,0.06637,0.06696696546833325,180337,0.06699956193127311,14.42696,1000000,0.5
random,100000,0.25528694596141577,0.28959193220362067,0.30934061435982585,0,0.06637,0.06696696546833325,180337,0.06699956193127311,14.42696,1000000,0.5
random,100000,0.25560436584055424,0.28880042722448707,0.3092786390334368,0,0.06637,0.06696696546833325,180337,0.06699956193127311,14.42696,1000000,0.5
random,100000,0.2555372901260853,0.28930971724912524,0.3085833960212767,0,0.06637,0.06696696546833325,180337,0.06699956193127311,14.42696,1000000,0.5
random,100000,0.2543618408963084,0.28976717311888933,0.3089420897886157,0,0.06637,0.06696696546833325,180337,0.06699956193127311,14.42696,1000000,0.5
random,100000,0.2546489769592881,0.28855096036568284,0.3097440442070365,0,0.06637,0.06696696546833325,180337,0.06699956193127311,14.42696,1000000,0.5
random,100000,0.2554545090533793,0.2899311603978276,0.30783948488533497,0,0.06637,0.06696696546833325,180337,0.06699956193127311,14.42696,1000000,0.5
random,100000,0.2558544808998704,0.2898606499657035,0.3088853908702731,0,0.06637,0.06696696546833325,180337,0.06699956193127311,14.42696,1000000,0.5
random,100000,0.2543361000716686,0.289025513920933,0.3084242660552263,0,0.06637,0.06696696546833325,180337,0.06699956193127311,14.42696,1000000,0.5
dna,1000,0.004287972114980221,0.004856941290199757,0.0039087203331291676,0,0.0,1.1051283775067053e-22,1198133,0.0007299902900962843,9585.059,1000000,0.01
dna,1000,0.0043062688782811165,0.004870407748967409,0.0038932329043745995,0,0.0,1.1051283775067053e-22,1198133,0.0007299902900962843,9585.059,1000000,0.01
dna,1000,0.004252199083566666,0.004852626007050276,0.0039092740043997765,0,0.0,1.1051283775067053e-22,1198133,0.0007299902900962843,9585.059,1000000,0.01
dna,1000,0.0042655146680772305,0.004912992008030415,0.003964903298765421,0,0.0,1.1051283775067053e-22,1198133,0.0007299902900962843,9585.059,1000000,0.01
dna,1000,0.0042359973303973675,0.004843093920499086,0.0038976226933300495,0,0.0,1.1051283775067053e-22,1198133,0.0007299902900962843,9585.059,1000000,0.01
dna,1000,0.004284820053726435,0.004870485980063677,0.003918362781405449,0,0.0,1.1051283775067053e-22,1198133,0.0007299902900962843,9585.059,1000000,0.01
dna,1000,0.004242813214659691,0.004858317319303751,0.003906523808836937,0,0.0,1.1051283775067053e-22,1198133,0.0007299902900962843,9585.059,1000000,0.01
dna,1000,0.004231248050928116,0.004855602979660034,0.003931480925530195,0,0.0,1.1051283775067053e-22,1198133,0.0007299902900962843,9585.059,1000000,0.01
dna,1000,0.0042556338012218475,0.004827952943742275,0.003907123114913702,0,0.0,1.1051283775067053e-22,1198133,0.0007299902900962843,9585.059,1000000,0.01
dna,1000,0.004241160117089748,0.004851649049669504,0.003919178154319525,0,0.0,1.1051283775067053e-22,1198133,0.0007299902900962843,9585.059,1000000,0.01
dna,5000,0.02185414033010602,0.024934303015470505,0.019711609929800034,0,0.0,8.546022837672787e-18,1198133,0.003643065733867679,1917.0118,1000000,0.01
dna,5000,0.021848845295608044,0.02490632701665163,0.019655573181807995,0,0.0,8.546022837672787e-18,1198133,0.003643065733867679,1917.0118,1000000,0.01
dna,5000,0.02188116405159235,0.0249300142750144,0.01969191199168563,0,0.0,8.546022837672787e-18,1198133,0.003643065733867679,1917.0118,1000000,0.01
dna,5000,0.02200529631227255,0.024937454611063004,0.019714904949069023,0,0.0,8.546022837672787e-18,1198133,0.003643065733867679,1917.0118,1000000,0.01
dna,5000,0.02199359890073538,0.025028167758136988,0.0196763570420444,0,0.0,8.546022837672787e-18,1198133,0.003643065733867679,1917.0118,1000000,0.01
dna,5000,0.022174907382577658,0.0251024030148983,0.019673619884997606,0,0.0,8.546022837672787e-18,1198133,0.003643065733867679,1917.0118,1000000,0.01
dna,5000,0.02205168828368187,0.02498105587437749,0.019661343656480312,0,0.0,8.546022837672787e-18,1198133,0.003643065733867679,1917.0118,1000000,0.01
dna,5000,0.02218204317614436,0.025106216315180063,0.019662732258439064,0,0.0,8.546022837672787e-18,1198133,0.003643065733867679,1917.0118,1000000,0.01
dna,5000,0.022144517861306667,0.025164872873574495,0.01970679685473442,0,0.0,8.546022837672787e-18,1198133,0.003643065733867679,1917.0118,1000000,0.01
dna,5000,0.021941489074379206,0.0251641352660954,0.019617866724729538,0,0.0,8.546022837672787e-18,1198133,0.003643065733867679,1917.0118,1000000,0.01
dna,10000,0.04512003483250737,0.050797083880752325,0.039579492062330246,0,0.0,1.0800122179582333e-15,1198133,0.0072744466152999164,958.5059,1000000,0.01
dna,10000,0.04437887668609619,0.05058647599071264,0.03967835986986756,0,0.0,1.0800122179582333e-15,1198133,0.0072744466152999164,958.5059,1000000,0.01
dna,10000,0.04362252028658986,0.05039107007905841,0.03951191995292902,0,0.0,1.0800122179582333e-15,1198133,0.0072744466152999164,958.5059,1000000,0.01
dna,10000,0.04448916018009186,0.05029862793162465,0.03967589372768998,0,0.0,1.0800122179582333e-15,1198133,0.0072744466152999164,958.5059,1000000,0.01
dna,10000,0.04396983189508319,0.05073230480775237,0.03957626083865762,0,0.0,1.0800122179582333e-15,1198133,0.0072744466152999164,958.5059,1000000,0.01
dna,10000,0.043766122311353683,0.05041175335645676,0.03949933173134923,0,0.0,1.0800122179582333e-15,1198133,0.0072744466152999164,958.5059,1000000,0.01
dna,10000,0.04451667936518788,0.050390474032610655,0.039672247134149075,0,0.0,1.0800122179582333e-15,1198133,0.0072744466152999164,958.5059,1000000,0.01
dna,10000,0.0442549460567534,0.05043355608358979,0.03942610742524266,0,0.0,1.0800122179582333e-15,1198133,0.0072744466152999164,958.5059,1000000,0.01
dna,10000,0.04415863798931241,0.050342192873358727,0.03962338622659445,0,0.0,1.0800122179582333e-15,1198133,0.0072744466152999164,958.5059,1000000,0.01
dna,10000,0.044527733232825994,0.05012986296787858,0.03970313724130392,0,0.0,1.0800122179582333e-15,1198133,0.0072744466152999164,958.5059,1000000,0.01
dna,25000,0.11013663792982697,0.12657392863184214,0.09933570213615894,0,0.0,6.344434912639435e-13,1198133,0.01808783858294456,383.40236,1000000,0.01
dna,25000,0.11007959581911564,0.12616744125261903,0.0993881169706583,0,0.0,6.344434912639435e-13,1198133,0.01808783858294456,383.40236,1000000,0.01
dna,25000,0.11083926493301988,0.1266732020303607,0.09933979110792279,0,0.0,6.344434912639435e-13,1198133,0.01808783858294456,383.40236,1000000,0.01
dna,25000,0.11112050525844097,0.12642414215952158,0.09950201772153378,0,0.0,6.344434912639435e-13,1198133,0.01808783858294456,383.40236,1000000,0.01
dna,25000,0.11082956288009882,0.1266422620974481,0.09949884098023176,0,0.0,6.344434912639435e-13,1198133,0.01808783858294456,383.40236,1000000,0.01
dna,25000,0.10979027487337589,0.12623926578089595,0.09924854896962643,0,0.0,6.344434912639435e-13,1198133,0.01808783858294456,383.40236,1000000,0.01
dna,25000,0.11028733616694808,0.12612153310328722,0.09935412276536226,0,0.0,6.344434912639435e-13,1198133,0.01808783858294456,383.40236,1000000,0.01
dna,25000,0.10953346593305469,0.12612650403752923,0.09910725895315409,0,0.0,6.344434912639435e-13,1198133,0.01808783858294456,383.40236,1000000,0.01
dna,25000,0.11040176497772336,0.12611580174416304,0.09920815983787179,0,0.0,6.344434912639435e-13,1198133,0.01808783858294456,383.40236,1000000,0.01
dna,25000,0.11034573800861835,0.12644905177876353,0.09922449104487896,0,0.0,6.344434912639435e-13,1198133,0.01808783858294456,383.40236,1000000,0.01
dna,50000,0.22122063301503658,0.2537157922051847,0.1989234541542828,0,0.0,7.62039530727753e-11,1198133,0.03584443246515227,191.70118,1000000,0.01
dna,50000,0.22119444189593196,0.2525611650198698,0.19846341805532575,0,0.0,7.62039530727753e-11,1198133,0.03584443246515227,191.70118,1000000,0.01
dna,50000,0.22263474483042955,0.2548187249340117,0.19927881099283695,0,0.0,7.62039530727753e-11,1198133,0.03584443246515227,191.70118,1000000,0.01
dna,50000,0.22014640597626567,0.252109267283231,0.19907884998247027,0,0.0,7.62039530727753e-11,1198133,0.03584443246515227,191.70118,1000000,0.01
dna,50000,0.22204213310033083,0.25738267973065376,0.19924085307866335,0,0.0,7.62039530727753e-11,1198133,0.03584443246515227,191.70118,1000000,0.01
dna,50000,0.22163194604218006,0.25528172589838505,0.1993539254181087,0,0.0,7.62039530727753e-11,1198133,0.03584443246515227,191.70118,1000000,0.01
dna,50000,0.22035413281992078,0.2541072852909565,0.20010626781731844,0,0.0,7.62039530727753e-11,1198133,0.03584443246515227,191.70118,1000000,0.01
dna,50000,0.22065147198736668,0.2519193380139768,0.19869156228378415,0,0.0,7.62039530727753e-11,1198133,0.03584443246515227,191.70118,1000000,0.01
dna,50000,0.22110618697479367,0.25358751183375716,0.1984246140345931,0,0.0,7.62039530727753e-11,1198133,0.03584443246515227,191.70118,1000000,0.01
dna,50000,0.220534672960639,0.2600568197667599,0.1996708968654275,0,0.0,7.62039530727753e-11,1198133,0.03584443246515227,191.70118,1000000,0.01
dna,100000,0.44780060183256865,0.5044160271063447,0.3997220993041992,0,0.0,8.593893329750821e-09,1198133,0.07043983766818754,95.85059,1000000,0.01
dna,100000,0.44077253295108676,0.5053510232828557,0.40027863811701536,0,0.0,8.593893329750821e-09,1198133,0.07043983766818754,95.85059,1000000,0.01
dna,100000,0.4422301100566983,0.5059149153530598,0.4003502340056002,0,0.0,8.593893329750821e-09,1198133,0.07043983766818754,95.85059,1000000,0.01
dna,100000,0.4419771237298846,0.5044132941402495,0.4002270568162203,0,0.0,8.593893329750821e-09,1198133,0.07043983766818754,95.85059,1000000,0.01
dna,100000,0.44084851909428835,0.5037092622369528,0.4001437625847757,0,0.0,8.593893329750821e-09,1198133,0.07043983766818754,95.85059,1000000,0.01
dna,100000,0.4407695969566703,0.5041148816235363,0.3988841981627047,0,0.0,8.593893329750821e-09,1198133,0.07043983766818754,95.85059,1000000,0.01
dna,100000,0.4389777621254325,0.5030194069258869,0.39937825920060277,0,0.0,8.593893329750821e-09,1198133,0.07043983766818754,95.85059,1000000,0.01
dna,100000,0.4413466500118375,0.5064962208271027,0.3994288849644363,0,0.0,8.593893329750821e-09,1198133,0.07043983766818754,95.85059,1000000,0.01
dna,100000,0.441607731860131,0.5061217970214784,0.3991316622123122,0,0.0,8.593893329750821e-09,1198133,0.07043983766818754,95.85059,1000000,0.01
dna,100000,0.4441999210976064,0.5032609859481454,0.39985515596345067,0,0.0,8.593893329750821e-09,1198133,0.07043983766818754,95.85059,1000000,0.01
dna,1000,0.00342125678434968,0.003910789266228676,0.003496265970170498,0,0.0,1.6915088015404985e-13,779404,0.0006413561659763681,6235.225,1000000,0.05
dna,1000,0.0034388559870421886,0.0039022578857839108,0.0034936913289129734,0,0.0,1.6915088015404985e-13,779404,0.0006413561659763681,6235.225,1000000,0.05
dna,1000,0.003424297086894512,0.003923254087567329,0.003492694813758135,0,0.0,1.6915088015404985e-13,779404,0.0006413561659763681,6235.225,1000000,0.05
dna,1000,0.00341723021119833,0.0039026178419589996,0.0034985351376235485,0,0.0,1.6915088015404985e-13,779404,0.0006413561659763681,6235.225,1000000,0.05
dna,1000,0.0034157768823206425,0.003908106125891209,0.0035050930455327034,0,0.0,1.6915088015404985e-13,779404,0.0006413561659763681,6235.225,1000000,0.05
dna,1000,0.003416562918573618,0.003916433081030846,0.003504618536680937,0,0.0,1.6915088015404985e-13,779404,0.0006413561659763681,6235.225,1000000,0.05
dna,1000,0.0033980458974838257,0.0038894428871572018,0.003504173830151558,0,0.0,1.6915088015404985e-13,779404,0.0006413561659763681,6235.225,1000000,0.05
dna,1000,0.003425918985158205,0.00392004894092679,0.003520541824400425,0,0.0,1.6915088015404985e-13,779404,0.0006413561659763681,6235.225,1000000,0.05
dna,1000,0.003407515585422516,0.0038751307874917984,0.0034781857393682003,0,0.0,1.6915088015404985e-13,779404,0.0006413561659763681,6235.225,1000000,0.05
dna,1000,0.0033972300589084625,0.0038787699304521084,0.003485405817627907,0,0.0,1.6915088015404985e-13,779404,0.0006413561659763681,6235.225,1000000,0.05
dna,5000,0.017574680037796497,0.019727679435163736,0.01779144862666726,0,0.0,1.0517829767683371e-10,779404,0.003201809076657218,1247.045,1000000,0.05
dna,5000,0.017344677820801735,0.0198660627938807,0.01769440993666649,0,0.0,1.0517829767683371e-10,779404,0.003201809076657218,1247.045,1000000,0.05
dna,5000,0.017320250160992146,0.019720675889402628,0.01759283384308219,0,0.0,1.0517829767683371e-10,779404,0.003201809076657218,1247.045,1000000,0.05
dna,5000,0.01724707195535302,0.01969211082905531,0.017609216272830963,0,0.0,1.0517829767683371e-10,779404,0.003201809076657218,1247.045,1000000,0.05
dna,5000,0.017203838098794222,0.019622358959168196,0.017514459788799286,0,0.0,1.0517829767683371e-10,779404,0.003201809076657218,1247.045,1000000,0.05
dna,5000,0.017318618949502707,0.01970720523968339,0.017623592168092728,0,0.0,1.0517829767683371e-10,779404,0.003201809076657218,1247.045,1000000,0.05
dna,5000,0.017484871670603752,0.01984736416488886,0.017558520659804344,0,0.0,1.0517829767683371e-10,779404,0.003201809076657218,1247.045,1000000,0.05
dna,5000,0.017208878882229328,0.01960685197263956,0.01753153931349516,0,0.0,1.0517829767683371e-10,779404,0.003201809076657218,1247.045,1000000,0.05
dna,5000,0.017608059104532003,0.01986739970743656,0.01756001589819789,0,0.0,1.0517829767683371e-10,779404,0.003201809076657218,1247.045,1000000,0.05
dna,5000,0.017512081656605005,0.019806157797574997,0.017664510756731033,0,0.0,1.0517829767683371e-10,779404,0.003201809076657218,1247.045,1000000,0.05
dna,10000,0.034872349351644516,0.039583435747772455,0.03537217574194074,0,0.0,1.6721001400977083e-09,779404,0.0063965614713181965,623.5225,1000000,0.05
dna,10000,0.03477661218494177,0.0396459293551743,0.03526599705219269,0,0.0,1.6721001400977083e-09,779404,0.0063965614713181965,623.5225,1000000,0.05
dna,10000,0.035465285647660494,0.03994758287444711,0.03561310889199376,0,0.0,1.6721001400977083e-09,779404,0.0063965614713181965,623.5225,1000000,0.05
dna,10000,0.0348456553183496,0.03990093898028135,0.03558120783418417,0,0.0,1.6721001400977083e-09,779404,0.0063965614713181965,623.5225,1000000,0.05
dna,10000,0.035153166856616735,0.0400389451533556,0.03534545190632343,0,0.0,1.6721001400977083e-09,779404,0.0063965614713181965,623.5225,1000000,0.05
dna,10000,0.0354097499512136,0.039889588952064514,0.035558412317186594,0,0.0,1.6721001400977083e-09,779404,0.0063965614713181965,623.5225,1000000,0.05
dna,10000,0.03479697275906801,0.039601634722203016,0.03533599292859435,0,0.0,1.6721001400977083e-09,779404,0.0063965614713181965,623.5225,1000000,0.05
dna,10000,0.03496712585911155,0.03977055195719004,0.03557356400415301,0,0.0,1.6721001400977083e-09,779404,0.0063965614713181965,623.5225,1000000,0.05
dna,10000,0.03503998601809144,0.0395363112911582,0.035534597001969814,0,0.0,1.6721001400977083e-09,779404,0.0063965614713181965,623.5225,1000000,0.05
dna,10000,0.03491662070155144,0.039786215871572495,0.03569733677431941,0,0.0,1.6721001400977083e-09,779404,0.0063965614713181965,623.5225,1000000,0.05
dna,25000,0.08769475296139717,0.09965262189507484,0.0889318729750812,0,0.0,6.407369122573424e-08,779404,0.015917950033880093,249.409,1000000,0.05
dna,25000,0.08763687824830413,0.09951101476326585,0.08895294228568673,0,0.0,6.407369122573424e-08,779404,0.015917950033880093,249.409,1000000,0.05
dna,25000,0.08766961935907602,0.10027066338807344,0.08885587425902486,0,0.0,6.407369122573424e-08,779404,0.015917950033880093,249.409,1000000,0.05
dna,25000,0.08719362411648035,0.09934746893122792,0.08852624567225575,0,0.0,6.407369122573424e-08,779404,0.015917950033880093,249.409,1000000,0.05
dna,25000,0.08745169127359986,0.09908563923090696,0.08845696225762367,0,0.0,6.407369122573424e-08,779404,0.015917950033880093,249.409,1000000,0.05
dna,25000,0.08767608786001801,0.0991893969476223,0.08865546900779009,0,0.0,6.407369122573424e-08,779404,0.015917950033880093,249.409,1000000,0.05
dna,25000,0.08753469213843346,0.09968544263392687,0.08894960395991802,0,0.0,6.407369122573424e-08,779404,0.015917950033880093,249.409,1000000,0.05
dna,25000,0.08739571319893003,0.09879865683615208,0.08868911396712065,0,0.0,6.407369122573424e-08,779404,0.015917950033880093,249.409,1000000,0.05
dna,25000,0.08770772814750671,0.0996994930319488,0.09181446302682161,0,0.0,6.407369122573424e-08,779404,0.015917950033880093,249.409,1000000,0.05
dna,25000,0.0893630632199347,0.10142703587189317,0.09049438405781984,0,0.0,6.407369122573424e-08,779404,0.015917950033880093,249.409,1000000,0.05
dna,50000,0.1796333179809153,0.2039158227853477,0.18069820618256927,0,0.0,9.929450720136898e-07,779404,0.031569029184993325,124.7045,1000000,0.05
dna,50000,0.17440328700467944,0.1991211548447609,0.17810167372226715,0,0.0,9.929450720136898e-07,779404,0.031569029184993325,124.7045,1000000,0.05
dna,50000,0.1747052907012403,0.19879568694159389,0.17817733017727733,0,0.0,9.929450720136898e-07,779404,0.031569029184993325,124.7045,1000000,0.05
dna,50000,0.17778318095952272,0.19821140402927995,0.1778830848634243,0,0.0,9.929450720136898e-07,779404,0.031569029184993325,124.7045,1000000,0.05
dna,50000,0.17678197333589196,0.19870044384151697,0.17755117872729897,0,0.0,9.929450720136898e-07,779404,0.031569029184993325,124.7045,1000000,0.05
dna,50000,0.17643374111503363,0.19757376005873084,0.17739719012752175,0,0.0,9.929450720136898e-07,779404,0.031569029184993325,124.7045,1000000,0.05
dna,50000,0.17448959173634648,0.19892484694719315,0.17755590425804257,0,0.0,9.929450720136898e-07,779404,0.031569029184993325,124.7045,1000000,0.05
dna,50000,0.1745847361162305,0.19811142003163695,0.17769746389240026,0,0.0,9.929450720136898e-07,779404,0.031569029184993325,124.7045,1000000,0.05
dna,50000,0.17366597009822726,0.19894860591739416,0.1771745290607214,0,0.0,9.929450720136898e-07,779404,0.031569029184993325,124.7045,1000000,0.05
dna,50000,0.17576514603570104,0.19875996466726065,0.17711737286299467,0,0.0,9.929450720136898e-07,779404,0.031569029184993325,124.7045,1000000,0.05
dna,100000,0.3477729596197605,0.39839495299384,0.3560477700084448,0,4e-05,1.4907605863740189e-05,779404,0.062141302038017876,62.35225,1000000,0.05
dna,100000,0.34971237229183316,0.3962989579886198,0.356896435841918,0,4e-05,1.4907605863740189e-05,779404,0.062141302038017876,62.35225,1000000,0.05
dna,100000,0.3475456009618938,0.3983482467010617,0.35689146583899856,0,4e-05,1.4907605863740189e-05,779404,0.062141302038017876,62.35225,1000000,0.05
dna,100000,0.35084278881549835,0.3983465349301696,0.3562287869863212,0,4e-05,1.4907605863740189e-05,779404,0.062141302038017876,62.35225,1000000,0.05
dna,100000,0.35035673016682267,0.39769828598946333,0.3560363268479705,0,4e-05,1.4907605863740189e-05,779404,0.062141302038017876,62.35225,1000000,0.05
dna,100000,0.35086548468098044,0.39541385788470507,0.35688000405207276,0,4e-05,1.4907605863740189e-05,779404,0.062141302038017876,62.35225,1000000,0.05
dna,100000,0.35217293491587043,0.39658909710124135,0.35707960091531277,0,4e-05,1.4907605863740189e-05,779404,0.062141302038017876,62.35225,1000000,0.05
dna,100000,0.3485181941650808,0.39581165881827474,0.35705515276640654,0,4e-05,1.4907605863740189e-05,779404,0.062141302038017876,62.35225,1000000,0.05
dna,100000,0.34919335413724184,0.39585240092128515,0.3570242337882519,0,4e-05,1.4907605863740189e-05,779404,0.062141302038017876,62.35225,1000000,0.05
dna,100000,0.3484070347622037,0.39618358481675386,0.35672104824334383,0,4e-05,1.4907605863740189e-05,779404,0.062141302038017876,62.35225,1000000,0.05
dna,1000,0.0031480160541832447,0.0035609728656709194,0.0033563519828021526,0,0.0,2.450538214021798e-10,599067,0.0006257655142482154,4792.53,1000000,0.1
dna,1000,0.0031172260642051697,0.003555819857865572,0.0033529200591146946,0,0.0,2.450538214021798e-10,599067,0.0006257655142482154,4792.53,1000000,0.1
dna,1000,0.0031167231500148773,0.0035819439217448235,0.0033489163033664227,0,0.0,2.450538214021798e-10,599067,0.0006257655142482154,4792.53,1000000,0.1
dna,1000,0.0031190570443868637,0.0035621249116957188,0.0033544283360242844,0,0.0,2.450538214021798e-10,599067,0.0006257655142482154,4792.53,1000000,0.1
dna,1000,0.00311718275770545,0.0037020700983703136,0.0033335238695144653,0,0.0,2.450538214021798e-10,599067,0.0006257655142482154,4792.53,1000000,0.1
dna,1000,0.003126844298094511,0.00356949120759964,0.0033575748093426228,0,0.0,2.450538214021798e-10,599067,0.0006257655142482154,4792.53,1000000,0.1
dna,1000,0.003121042624115944,0.003558740019798279,0.003344750963151455,0,0.0,2.450538214021798e-10,599067,0.0006257655142482154,4792.53,1000000,0.1
dna,1000,0.0033746249973773956,0.003568932879716158,0.0033578211441636086,0,0.0,2.450538214021798e-10,599067,0.0006257655142482154,4792.53,1000000,0.1
dna,1000,0.0031157899647951126,0.0035661780275404453,0.0033668121322989464,0,0.0,2.450538214021798e-10,599067,0.0006257655142482154,4792.53,1000000,0.1
dna,1000,0.003110119141638279,0.00355649646371603,0.0033467276953160763,0,0.0,2.450538214021798e-10,599067,0.0006257655142482154,4792.53,1000000,0.1
dna,5000,0.015728594735264778,0.018080218695104122,0.016943903174251318,0,0.0,3.0516931307626136e-08,599067,0.003125697700379549,958.506,1000000,0.1
dna,5000,0.016145989764481783,0.018251136876642704,0.016912424936890602,0,0.0,3.0516931307626136e-08,599067,0.003125697700379549,958.506,1000000,0.1
dna,5000,0.015944793820381165,0.018043445888906717,0.017297140322625637,0,0.0,3.0516931307626136e-08,599067,0.003125697700379549,958.506,1000000,0.1
dna,5000,0.015715012792497873,0.017884667962789536,0.01682869717478752,0,0.0,3.0516931307626136e-08,599067,0.003125697700379549,958.506,1000000,0.1
dna,5000,0.015752854757010937,0.01798688294366002,0.01697907503694296,0,0.0,3.0516931307626136e-08,599067,0.003125697700379549,958.506,1000000,0.1
dna,5000,0.015709266997873783,0.018046610988676548,0.017025192268192768,0,0.0,3.0516931307626136e-08,599067,0.003125697700379549,958.506,1000000,0.1
dna,5000,0.015661605168133974,0.018011616077274084,0.01695219660177827,0,0.0,3.0516931307626136e-08,599067,0.003125697700379549,958.506,1000000,0.1
dna,5000,0.015716695692390203,0.01797774201259017,0.016946278046816587,0,0.0,3.0516931307626136e-08,599067,0.003125697700379549,958.506,1000000,0.1
dna,5000,0.015732848085463047,0.018075724132359028,0.01680406928062439,0,0.0,3.0516931307626136e-08,599067,0.003125697700379549,958.506,1000000,0.1
dna,5000,0.015599868725985289,0.017936970107257366,0.01694946177303791,0,0.0,3.0516931307626136e-08,599067,0.003125697700379549,958.506,1000000,0.1
dna,10000,0.03158497717231512,0.03617453668266535,0.03392583318054676,0,0.0,2.429928607669699e-07,599067,0.006241588472059642,479.253,1000000,0.1
dna,10000,0.031784765888005495,0.03614618955180049,0.03399755107238889,0,0.0,2.429928607669699e-07,599067,0.006241588472059642,479.253,1000000,0.1
dna,10000,0.03160674497485161,0.0364882810972631,0.03400341374799609,0,0.0,2.429928607669699e-07,599067,0.006241588472059642,479.253,1000000,0.1
dna,10000,0.03184428997337818,0.03644248005002737,0.034007519017905,0,0.0,2.429928607669699e-07,599067,0.006241588472059642,479.253,1000000,0.1
dna,10000,0.032588168047368526,0.03640993498265743,0.033883979078382254,0,0.0,2.429928607669699e-07,599067,0.006241588472059642,479.253,1000000,0.1
dna,10000,0.031637296080589294,0.03611009009182453,0.03418319812044501,0,0.0,2.429928607669699e-07,599067,0.006241588472059642,479.253,1000000,0.1
dna,10000,0.03170194197446108,0.03588711190968752,0.0351387751288712,0,0.0,2.429928607669699e-07,599067,0.006241588472059642,479.253,1000000,0.1
dna,10000,0.03178822994232178,0.03684077365323901,0.03388750413432717,0,0.0,2.429928607669699e-07,599067,0.006241588472059642,479.253,1000000,0.1
dna,10000,0.03214902197942138,0.03614290617406368,0.0341386329382658,0,0.0,2.429928607669699e-07,599067,0.006241588472059642,479.253,1000000,0.1
dna,10000,0.031594482716172934,0.03586602816358209,0.034176083747297525,0,0.0,2.429928607669699e-07,599067,0.006241588472059642,479.253,1000000,0.1
dna,25000,0.08000406390056014,0.09023943496868014,0.08566539688035846,0,4e-05,3.7437593328456505e-06,599067,0.015526663369869359,191.7012,1000000,0.1
dna,25000,0.08101635565981269,0.09111764514818788,0.08503906615078449,0,4e-05,3.7437593328456505e-06,599067,0.015526663369869359,191.7012,1000000,0.1
dna,25000,0.07909075589850545,0.09132358012720942,0.08567056432366371,0,4e-05,3.7437593328456505e-06,599067,0.015526663369869359,191.7012,1000000,0.1
dna,25000,0.08046011114493012,0.09062225511297584,0.08525714976713061,0,4e-05,3.7437593328456505e-06,599067,0.015526663369869359,191.7012,1000000,0.1
dna,25000,0.07999712228775024,0.09094613697379827,0.08576216408982873,0,4e-05,3.7437593328456505e-06,599067,0.015526663369869359,191.7012,1000000,0.1
dna,25000,0.08017533319070935,0.09051190782338381,0.0857932330109179,0,4e-05,3.7437593328456505e-06,599067,0.015526663369869359,191.7012,1000000,0.1
dna,25000,0.0794461639598012,0.09064844623208046,0.08516919100657105,0,4e-05,3.7437593328456505e-06,599067,0.015526663369869359,191.7012,1000000,0.1
dna,25000,0.08038102788850665,0.09129414288327098,0.08628822071477771,0,4e-05,3.7437593328456505e-06,599067,0.015526663369869359,191.7012,1000000,0.1
dna,25000,0.0799429570324719,0.0914703463204205,0.08488067705184221,0,4e-05,3.7437593328456505e-06,599067,0.015526663369869359,191.7012,1000000,0.1
dna,25000,0.07869988866150379,0.09106743475422263,0.08579976204782724,0,4e-05,3.7437593328456505e-06,599067,0.015526663369869359,191.7012,1000000,0.1
dna,50000,0.1597745749168098,0.1818332402035594,0.17087074695155025,0,2e-05,2.925790002196847e-05,599067,0.0308002245160698,95.8506,1000000,0.1
dna,50000,0.15924816532060504,0.18244945397600532,0.17041406501084566,0,2e-05,2.925790002196847e-05,599067,0.0308002245160698,95.8506,1000000,0.1
dna,50000,0.15796202281489968,0.18160561518743634,0.17061240412294865,0,2e-05,2.925790002196847e-05,599067,0.0308002245160698,95.8506,1000000,0.1
dna,50000,0.1585401319898665,0.1815412100404501,0.17179058585315943,0,2e-05,2.925790002196847e-05,599067,0.0308002245160698,95.8506,1000000,0.1
dna,50000,0.1586817349307239,0.18087201518937945,0.17143598198890686,0,2e-05,2.925790002196847e-05,599067,0.0308002245160698,95.8506,1000000,0.1
dna,50000,0.15944254864007235,0.18096210900694132,0.1709331041201949,0,2e-05,2.925790002196847e-05,599067,0.0308002245160698,95.8506,1000000,0.1
dna,50000,0.1588388946838677,0.18124425457790494,0.17024102667346597,0,2e-05,2.925790002196847e-05,599067,0.0308002245160698,95.8506,1000000,0.1
dna,50000,0.159513627178967,0.18222493398934603,0.17125800158828497,0,2e-05,2.925790002196847e-05,599067,0.0308002245160698,95.8506,1000000,0.1
dna,50000,0.15825030906125903,0.17980271624401212,0.16992364078760147,0,2e-05,2.925790002196847e-05,599067,0.0308002245160698,95.8506,1000000,0.1
dna,50000,0.15766917914152145,0.18031266005709767,0.1701576611958444,0,2e-05,2.925790002196847e-05,599067,0.0308002245160698,95.8506,1000000,0.1
dna,100000,0.31727420166134834,0.3630378688685596,0.3426358266733587,0,0.00018,0.00022341040040483207,599067,0.06068172760525234,47.9253,1000000,0.1
dna,100000,0.31699351873248816,0.36085267504677176,0.3422817629761994,0,0.00018,0.00022341040040483207,599067,0.06068172760525234,47.9253,1000000,0.1
dna,100000,0.3188117020763457,0.3613377148285508,0.34236849332228303,0,0.00018,0.00022341040040483207,599067,0.06068172760525234,47.9253,1000000,0.1
dna,100000,0.31652096984907985,0.3611050550825894,0.3420343562029302,0,0.00018,0.00022341040040483207,599067,0.06068172760525234,47.9253,1000000,0.1
dna,100000,0.3171597816981375,0.3605476077646017,0.34132120199501514,0,0.00018,0.00022341040040483207,599067,0.06068172760525234,47.9253,1000000,0.1
dna,100000,0.31655149906873703,0.3606438501738012,0.342154729180038,0,0.00018,0.00022341040040483207,599067,0.06068172760525234,47.9253,1000000,0.1
dna,100000,0.3173033818602562,0.3610847876407206,0.342287780251354,0,0.00018,0.00022341040040483207,599067,0.06068172760525234,47.9253,1000000,0.1
dna,100000,0.320604938082397,0.361502168700099,0.34156115213409066,0,0.00018,0.00022341040040483207,599067,0.06068172760525234,47.9253,1000000,0.1
dna,100000,0.31765463203191757,0.36506629176437855,0.34054771484807134,0,0.00018,0.00022341040040483207,599067,0.06068172760525234,47.9253,1000000,0.1
dna,100000,0.31625239085406065,0.36098990915343165,0.34155457792803645,0,0.00018,0.00022341040040483207,599067,0.06068172760525234,47.9253,1000000,0.1
dna,1000,0.002623302862048149,0.002866854891180992,0.003049149177968502,0,0.0,0.0006929065490592912,180337,0.000692453573032711,1442.696,1000000,0.5
dna,1000,0.0025137849152088165,0.0028632902540266514,0.003068632446229458,0,0.0,0.0006929065490592912,180337,0.000692453573032711,1442.696,1000000,0.5
dna,1000,0.002543170005083084,0.0029002372175455093,0.0030769812874495983,0,0.0,0.0006929065490592912,180337,0.000692453573032711,1442.696,1000000,0.5
dna,1000,0.0025280388072133064,0.0028740838170051575,0.003073497209697962,0,0.0,0.0006929065490592912,180337,0.000692453573032711,1442.696,1000000,0.5
dna,1000,0.002524081151932478,0.0028832009993493557,0.0030798218213021755,0,0.0,0.0006929065490592912,180337,0.000692453573032711,1442.696,1000000,0.5
dna,1000,0.002529426943510771,0.0028713461942970753,0.0030714361928403378,0,0.0,0.0006929065490592912,180337,0.000692453573032711,1442.696,1000000,0.5
dna,1000,0.002529948018491268,0.0028796489350497723,0.0030794558115303516,0,0.0,0.0006929065490592912,180337,0.000692453573032711,1442.696,1000000,0.5
dna,1000,0.0025328751653432846,0.002886531874537468,0.00308143999427557,0,0.0,0.0006929065490592912,180337,0.000692453573032711,1442.696,1000000,0.5
dna,1000,0.00253874808549881,0.00288389902561903,0.0030822050757706165,0,0.0,0.0006929065490592912,180337,0.000692453573032711,1442.696,1000000,0.5
dna,1000,0.002528596203774214,0.0028741401620209217,0.0030767093412578106,0,0.0,0.0006929065490592912,180337,0.000692453573032711,1442.696,1000000,0.5
dna,5000,0.012675291392952204,0.01442263089120388,0.015369006898254156,0,0.0038,0.0034597348760661006,180337,0.0034588021315647925,288.5392,1000000,0.5
dna,5000,0.012598092202097178,0.014426946174353361,0.015414446126669645,0,0.0038,0.0034597348760661006,180337,0.0034588021315647925,288.5392,1000000,0.5
dna,5000,0.01263151178136468,0.014447215013206005,0.015424794051796198,0,0.0038,0.0034597348760661006,180337,0.0034588021315647925,288.5392,1000000,0.5
dna,5000,0.012602359987795353,0.014323495794087648,0.015349269844591618,0,0.0038,0.0034597348760661006,180337,0.0034588021315647925,288.5392,1000000,0.5
dna,5000,0.012675144243985415,0.014357809908688068,0.015310165006667376,0,0.0038,0.0034597348760661006,180337,0.0034588021315647925,288.5392,1000000,0.5
dna,5000,0.012591636274009943,0.01431863009929657,0.01538601890206337,0,0.0038,0.0034597348760661006,180337,0.0034588021315647925,288.5392,1000000,0.5
dna,5000,0.012729470152407885,0.014413280412554741,0.015433512162417173,0,0.0038,0.0034597348760661006,180337,0.0034588021315647925,288.5392,1000000,0.5
dna,5000,0.01274495292454958,0.014445101842284203,0.015430644154548645,0,0.0038,0.0034597348760661006,180337,0.0034588021315647925,288.5392,1000000,0.5
dna,5000,0.012734674848616123,0.014465983025729656,0.015435213223099709,0,0.0038,0.0034597348760661006,180337,0.0034588021315647925,288.5392,1000000,0.5
dna,5000,0.01274946704506874,0.014404329005628824,0.015423324890434742,0,0.0038,0.0034597348760661006,180337,0.0034588021315647925,288.5392,1000000,0.5
dna,10000,0.025418518111109734,0.028921793214976788,0.030946966726332903,0,0.0075,0.0069074999867195785,180337,0.00691067279593206,144.2696,1000000,0.5
dna,10000,0.025321755092591047,0.02876484300941229,0.030859949998557568,0,0.0075,0.0069074999867195785,180337,0.00691067279593206,144.2696,1000000,0.5
dna,10000,0.025343684013932943,0.028935655020177364,0.030980543233454227,0,0.0075,0.0069074999867195785,180337,0.00691067279593206,144.2696,1000000,0.5
dna,10000,0.02544941008090973,0.028972793836146593,0.031027767807245255,0,0.0075,0.0069074999867195785,180337,0.00691067279593206,144.2696,1000000,0.5
dna,10000,0.025361970998346806,0.02882274705916643,0.031029783189296722,0,0.0075,0.0069074999867195785,180337,0.00691067279593206,144.2696,1000000,0.5
dna,10000,0.025165033992379904,0.028619851917028427,0.03070075111463666,0,0.0075,0.0069074999867195785,180337,0.00691067279593206,144.2696,1000000,0.5
dna,10000,0.025208366569131613,0.028586591128259897,0.030762179754674435,0,0.0075,0.0069074999867195785,180337,0.00691067279593206,144.2696,1000000,0.5
dna,10000,0.025187920313328505,0.028746669180691242,0.030888270121067762,0,0.0075,0.0069074999867195785,180337,0.00691067279593206,144.2696,1000000,0.5
dna,10000,0.02522878907620907,0.02871653623878956,0.03090127417817712,0,0.0075,0.0069074999867195785,180337,0.00691067279593206,144.2696,1000000,0.5
dna,10000,0.02559903496876359,0.028957984875887632,0.030987664125859737,0,0.0075,0.0069074999867195785,180337,0.00691067279593206,144.2696,1000000,0.5
dna,25000,0.06411209655925632,0.07292004115879536,0.07804038422182202,0,0.01752,0.017179390132471717,180337,0.017182414035943817,57.70784,1000000,0.5
dna,25000,0.06381801376119256,0.07237126026302576,0.07758296094834805,0,0.01752,0.017179390132471717,180337,0.017182414035943817,57.70784,1000000,0.5
dna,25000,0.06398926675319672,0.07238181214779615,0.07768611097708344,0,0.01752,0.017179390132471717,180337,0.017182414035943817,57.70784,1000000,0.5
dna,25000,0.06359123717993498,0.07227790635079145,0.07763362908735871,0,0.01752,0.017179390132471717,180337,0.017182414035943817,57.70784,1000000,0.5
dna,25000,0.06366201816126704,0.07246676180511713,0.07744556805118918,0,0.01752,0.017179390132471717,180337,0.017182414035943817,57.70784,1000000,0.5
dna,25000,0.06365176755934954,0.07245030021294951,0.07759291585534811,0,0.01752,0.017179390132471717,180337,0.017182414035943817,57.70784,1000000,0.5
dna,25000,0.06377071980386972,0.07238389318808913,0.07804290810599923,0,0.01752,0.017179390132471717,180337,0.017182414035943817,57.70784,1000000,0.5
dna,25000,0.06403036508709192,0.0726037691347301,0.07756742462515831,0,0.01752,0.017179390132471717,180337,0.017182414035943817,57.70784,1000000,0.5
dna,25000,0.06368686817586422,0.07256280491128564,0.07748313387855887,0,0.01752,0.017179390132471717,180337,0.017182414035943817,57.70784,1000000,0.5
dna,25000,0.06361311301589012,0.07257061218842864,0.07750692777335644,0,0.01752,0.017179390132471717,180337,0.017182414035943817,57.70784,1000000,0.5
dna,50000,0.1277520232833922,0.1442698179744184,0.15478971973061562,0,0.0337,0.034063648819619874,180337,0.03404875316768051,28.85392,1000000,0.5
dna,50000,0.12668954115360975,0.14343664096668363,0.1541283787228167,0,0.0337,0.034063648819619874,180337,0.03404875316768051,28.85392,1000000,0.5
dna,50000,0.1276502963155508,0.14441222697496414,0.1550068762153387,0,0.0337,0.034063648819619874,180337,0.03404875316768051,28.85392,1000000,0.5
dna,50000,0.12757455790415406,0.1447792467661202,0.15554529428482056,0,0.0337,0.034063648819619874,180337,0.03404875316768051,28.85392,1000000,0.5
dna,50000,0.12765176128596067,0.1455570417456329,0.15638854820281267,0,0.0337,0.034063648819619874,180337,0.03404875316768051,28.85392,1000000,0.5
dna,50000,0.12763065844774246,0.1448218491859734,0.1546000619418919,0,0.0337,0.034063648819619874,180337,0.03404875316768051,28.85392,1000000,0.5
dna,50000,0.12757823709398508,0.14557210728526115,0.1551302568987012,0,0.0337,0.034063648819619874,180337,0.03404875316768051,28.85392,1000000,0.5
dna,50000,0.12724970327690244,0.14503562077879906,0.15491943014785647,0,0.0337,0.034063648819619874,180337,0.03404875316768051,28.85392,1000000,0.5
dna,50000,0.12743784813210368,0.14437325997278094,0.15518583497032523,0,0.0337,0.034063648819619874,180337,0.03404875316768051,28.85392,1000000,0.5
dna,50000,0.12707549193874002,0.14397572772577405,0.15414580004289746,0,0.0337,0.034063648819619874,180337,0.03404875316768051,28.85392,1000000,0.5
dna,100000,0.2544697648845613,0.28894594870507717,0.3087551137432456,0,0.06624,0.06696696546833325,180337,0.06688380642907446,14.42696,1000000,0.5
dna,100000,0.2545676617883146,0.29059780994430184,0.3097797939553857,0,0.06624,0.06696696546833325,180337,0.06688380642907446,14.42696,1000000,0.5
dna,100000,0.2544608609750867,0.29049066081643105,0.3095460790209472,0,0.06624,0.06696696546833325,180337,0.06688380642907446,14.42696,1000000,0.5
dna,100000,0.25470476411283016,0.2894969112239778,0.3093566298484802,0,0.06624,0.06696696546833325,180337,0.06688380642907446,14.42696,1000000,0.5
dna,100000,0.2548217410221696,0.2898524743504822,0.30766773130744696,0,0.06624,0.06696696546833325,180337,0.06688380642907446,14.42696,1000000,0.5
dna,100000,0.2580694886855781,0.2994297151453793,0.32063380209729075,0,0.06624,0.06696696546833325,180337,0.06688380642907446,14.42696,1000000,0.5
dna,100000,0.2650852561928332,0.300248886924237,0.32167414017021656,0,0.06624,0.06696696546833325,180337,0.06688380642907446,14.42696,1000000,0.5
dna,100000,0.2636067499406636,0.3007630221545696,0.3105707159265876,0,0.06624,0.06696696546833325,180337,0.06688380642907446,14.42696,1000000,0.5
dna,100000,0.2548043788410723,0.2892135502770543,0.30972192296758294,0,0.06624,0.06696696546833325,180337,0.06688380642907446,14.42696,1000000,0.5
dna,100000,0.2549561271443963,0.2898709289729595,0.3095260509289801,0,0.06624,0.06696696546833325,180337,0.06688380642907446,14.42696,1000000,0.5
